{
    "ideal": {
        "Cost": 116448,
        "DIO": 74,
        "WIP": 250360,
        "Emissions": 9864941.999999998
    },
    "nadir": {
        "Cost": 534446.8,
        "DIO": 135,
        "WIP": 1334520,
        "Emissions": 29495946
    },
    "all_solutions": [
        {
            "objective": 1,
            "Cost": 116448,
            "DIO": 135,
            "WIP": 250360,
            "Emissions": 29495946
        },
        {
            "objective": 2,
            "Cost": 534446.8,
            "DIO": 74,
            "WIP": 1334520,
            "Emissions": 9867621.999999998
        },
        {
            "objective": 3,
            "Cost": 121449.5,
            "DIO": 121,
            "WIP": 250360,
            "Emissions": 25812096
        },
        {
            "objective": 4,
            "Cost": 531079.9,
            "DIO": 75,
            "WIP": 1326680,
            "Emissions": 9864941.999999998
        }
    ]
}